{
  "project_info": {
    "project_number": "870132211605",
    "firebase_url": "https://video-status-1563772295696.firebaseio.com",
    "project_id": "video-status-1563772295696",
    "storage_bucket": "video-status-1563772295696.appspot.com"
  },
  "client": [
    {
      "client_info": {
        "mobilesdk_app_id": "1:870132211605:android:2482ade0882b60256a209c",
        "android_client_info": {
          "package_name": "com.example.dietplan"
        }
      },
      "oauth_client": [
        {
          "client_id": "870132211605-ian6q227uds5lhl1dbt9026k50hpln8c.apps.googleusercontent.com",
          "client_type": 1,
          "android_info": {
            "package_name": "com.example.dietplan",
            "certificate_hash": "38fcdaf92163692214c7493d5f31646d3ac745f5"
          }
        },
        {
          "client_id": "870132211605-92i5cgt2rsr4fsv4puv2dqpuianf1l9t.apps.googleusercontent.com",
          "client_type": 3
        }
      ],
      "api_key": [
        {
          "current_key": "AIzaSyC-pSafAVNwSiGaxlPfvhH6QTAHzoViDFQ"
        }
      ],
      "services": {
        "appinvite_service": {
          "other_platform_oauth_client": [
            {
              "client_id": "870132211605-92i5cgt2rsr4fsv4puv2dqpuianf1l9t.apps.googleusercontent.com",
              "client_type": 3
            }
          ]
        }
      }
    }
  ],
  "configuration_version": "1"
}